abaised => abaised, abaissed
abas => abas, abbas
abassi => abassi, abbassi
abatage => abatage, abattage
abatis => abatis, abattis
abatised => abatised, abattised
abatises => abatises, abattises
abey => abey, abbey
abscisin => abscisin, abscissin
abscision => abscision, abscission
academia => academia, accademia
acarpelous => acarpelous, acarpellous
accomodate => accomodate, accommodate
acipenser => acipenser, accipenser
acost => acost, accost
acounter => acounter, accounter
acquital => acquital, acquittal
actinobacilli => actinobacilli, actinobaccilli
acustom => acustom, accustom
adda => adda, addda
adeem => adeem, addeem
adorsed => adorsed, addorsed
adossed => adossed, addossed
adulce => adulce, addulce
adyta => adyta, adytta
aficionado => aficionado, afficionado
agenesis => agenesis, agennesis
agenetic => agenetic, agennetic
ager => ager, agger
agers => agers, aggers
agilawood => agilawood, agillawood
agrafes => agrafes, agraffes
aiguilette => aiguilette, aiguillette
airbuses => airbuses, airbusses
akmudar => akmudar, akmuddar
alamonti => alamonti, allamonti
alamoth => alamoth, allamoth
alan => alan, allan
alay => alay, allay
albizia => albizia, albizzia
albizias => albizias, albizzias
aleger => aleger, alleger
alen => alen, allen
alerion => alerion, allerion
aleve => aleve, alleve
algaroba => algaroba, algarroba
algarobilla => algarobilla, algarrobilla
aliaceae => aliaceae, alliaceae
alineation => alineation, allineation
alipteria => alipteria, aliptteria
aliterate => aliterate, alliterate
alloted => alloted, allotted
allotee => allotee, allottee
alod => alod, allod
alodia => alodia, allodia
alodial => alodial, allodial
alodialism => alodialism, allodialism
alodialist => alodialist, allodialist
alodiality => alodiality, allodiality
alodially => alodially, allodially
alodian => alodian, allodian
alodiaries => alodiaries, allodiaries
alodiary => alodiary, allodiary
alodies => alodies, allodies
alodification => alodification, allodification
alodium => alodium, allodium
alody => alody, allody
alopathic => alopathic, allopathic
alose => alose, allose
alow => alow, allow
alumine => alumine, allumine
alure => alure, allure
amelus => amelus, amellus
amine => amine, ammine
amines => amines, ammines
amino => amino, ammino
aminolysis => aminolysis, amminolysis
aminolytic => aminolytic, amminolytic
amiral => amiral, ammiral
amolish => amolish, amollish
amon => amon, ammon
amphithecia => amphithecia, amphitheccia
ampulate => ampulate, ampullate
ampulated => ampulated, ampullated
anagenesis => anagenesis, anagennesis
anal => anal, annal
anam => anam, annam
anamite => anamite, annamite
anapurna => anapurna, annapurna
anas => anas, annas
anatto => anatto, annatto
anattos => anattos, annattos
androecia => androecia, androeccia
angekok => angekok, angekkok
anicut => anicut, annicut
annueler => annueler, annueller
annulate => annulate, annullate
annulation => annulation, annullation
annuler => annuler, annuller
anonaceous => anonaceous, annonaceous
anotto => anotto, annotto
antileveling => antileveling, antilevelling
antimoniureted => antimoniureted, antimoniuretted
anulus => anulus, annulus
anus => anus, annus
anviled => anviled, anvilled
anviling => anviling, anvilling
apair => apair, appair
apanage => apanage, appanage
apanaged => apanaged, appanaged
apanages => apanages, appanages
apanaging => apanaging, appanaging
apar => apar, appar
apast => apast, appast
apay => apay, appay
apert => apert, appert
aport => aport, apport
aposiopestic => aposiopestic, apposiopestic
appareled => appareled, apparelled
appareling => appareling, apparelling
appenage => appenage, appennage
appetible => appetible, apppetible
apulse => apulse, appulse
arace => arace, arrace
arach => arach, arrach
arage => arage, arrage
aragonite => aragonite, arragonite
arear => arear, arrear
arendator => arendator, arrendator
arent => arent, arrent
arest => arest, arrest
aridge => aridge, arridge
ariled => ariled, arilled
arilus => arilus, arillus
arises => arises, arrises
arish => arish, arrish
around => around, arround
arouse => arouse, arrouse
arow => arow, arrow
arseneted => arseneted, arsenetted
arseniureted => arseniureted, arseniuretted
aryballi => aryballi, arybballi
asafetida => asafetida, assafetida
asafoetida => asafoetida, assafoetida
asiento => asiento, assiento
asinego => asinego, assinego
asis => asis, assis
asonant => asonant, assonant
aspergilla => aspergilla, asperggilla
aspergilli => aspergilli, asperggilli
assembler => assembler, asssembler
asylabia => asylabia, asyllabia
atabal => atabal, attabal
ataghan => ataghan, attaghan
atame => atame, attame
atar => atar, attar
atempts => atempts, attempts
atic => atic, attic
atomy => atomy, attomy
atour => atour, attour
atune => atune, attune
autobuses => autobuses, autobusses
autodialed => autodialed, autodialled
autodialing => autodialing, autodialling
avgases => avgases, avgasses
babbiting => babbiting, babbitting
babishly => babishly, babbishly
babool => babool, babbool
babools => babools, babbools
baccilla => baccilla, baccillla
bacilary => bacilary, bacillary
bacilli => bacilli, baccilli
bagie => bagie, baggie
balant => balant, ballant
balas => balas, ballas
balat => balat, ballat
balata => balata, ballata
balate => balate, ballate
baled => baled, balled
baler => baler, baller
balers => balers, ballers
ballones => ballones, ballonnes
balon => balon, ballon
balotade => balotade, ballotade
balow => balow, ballow
banat => banat, bannat
bandanaed => bandanaed, bandannaed
bandanas => bandanas, bandannas
baned => baned, banned
baning => baning, banning
banister => banister, bannister
banisters => banisters, bannisters
barabora => barabora, barrabora
barad => barad, barrad
barat => barat, barrat
bared => bared, barred
barer => barer, barrer
baret => baret, barret
barie => barie, barrie
baring => baring, barring
barreled => barreled, barrelled
barreling => barreling, barrelling
basan => basan, bassan
basanite => basanite, bassanite
bases => bases, basses
basinet => basinet, bassinet
basinets => basinets, bassinets
basing => basing, bassing
bason => bason, basson
basos => basos, bassos
basseted => basseted, bassetted
basseting => basseting, bassetting
bastiles => bastiles, bastilles
batable => batable, battable
bateau => bateau, batteau
bateaux => bateaux, batteaux
bated => bated, batted
batel => batel, battel
batement => batement, battement
bater => bater, batter
batik => batik, battik
batiks => batiks, battiks
bating => bating, batting
baton => baton, batton
bayoneted => bayoneted, bayonetted
bayoneting => bayoneting, bayonetting
bealach => bealach, beallach
becafico => becafico, beccafico
becudgeled => becudgeled, becudgelled
becudgeling => becudgeling, becudgelling
bedeviled => bedeviled, bedevilled
bedeviling => bedeviling, bedevilling
bedriveled => bedriveled, bedrivelled
bedriveling => bedriveling, bedrivelling
begar => begar, beggar
begary => begary, beggary
begining => begining, beginning
begorah => begorah, begorrah
begrimed => begrimed, begrimmed
begriming => begriming, begrimming
bejabers => bejabers, bejabbers
bejeled => bejeled, bejelled
bejeling => bejeling, bejelling
bejeweled => bejeweled, bejewelled
bejeweling => bejeweling, bejewelling
belicoseness => belicoseness, bellicoseness
belied => belied, bellied
belies => belies, bellies
belite => belite, bellite
below => below, bellow
belows => belows, bellows
bemedaled => bemedaled, bemedalled
benefited => benefited, benefitted
benefiting => benefiting, benefitting
benet => benet, bennet
beniseed => beniseed, benniseed
bereave => bereave, berreave
bereaved => bereaved, berreaved
bereaves => bereaves, berreaves
bereaving => bereaving, berreaving
berendo => berendo, berrendo
beret => beret, berret
berettas => berettas, berrettas
bergylt => bergylt, berggylt
berylate => berylate, beryllate
beryline => beryline, berylline
betas => betas, bettas
beveled => beveled, bevelled
beveler => beveler, beveller
bevelers => bevelers, bevellers
beveling => beveling, bevelling
bevesseled => bevesseled, bevesselled
bewept => bewept, bewwept
bezant => bezant, bezzant
bezants => bezants, bezzants
biased => biased, biassed
biasedly => biasedly, biassedly
biases => biases, biasses
biasing => biasing, biassing
bicarbureted => bicarbureted, bicarburetted
bider => bider, bidder
biders => biders, bidders
bidery => bidery, biddery
biding => biding, bidding
biflagelate => biflagelate, biflagellate
bimetalic => bimetalic, bimetallic
bimetalism => bimetalism, bimetallism
bimillenium => bimillenium, bimillennium
bimillennia => bimillennia, bimilllennia
biogases => biogases, biogasses
biretta => biretta, birretta
birettas => birettas, birrettas
bisabol => bisabol, bissabol
bisellia => bisellia, bissellia
bisext => bisext, bissext
bison => bison, bisson
bited => bited, bitted
biter => biter, bitter
biters => biters, bitters
biting => biting, bitting
blader => blader, bladder
blatiform => blatiform, blattiform
blotto => blotto, blottto
bobsleded => bobsleded, bobsledded
bobsleding => bobsleding, bobsledding
bogard => bogard, boggard
bogart => bogart, boggart
bogier => bogier, boggier
bokos => bokos, bokkos
boled => boled, bolled
bonasus => bonasus, bonassus
bonhomie => bonhomie, bonhommie
bonier => bonier, bonnier
boniest => boniest, bonniest
boniness => boniness, bonniness
bootleger => bootleger, bootlegger
borachio => borachio, borrachio
borasca => borasca, borrasca
boser => boser, bosser
botonee => botonee, botonnee
boules => boules, boulles
boulework => boulework, boullework
bourasque => bourasque, bourrasque
boweled => boweled, bowelled
boweling => boweling, bowelling
bowlike => bowlike, bowllike
bracae => bracae, braccae
bracketed => bracketed, bracketted
brager => brager, bragger
bragite => bragite, braggite
brasier => brasier, brassier
brecia => brecia, breccia
breveted => breveted, brevetted
breveting => breveting, brevetting
briming => briming, brimming
brises => brises, brisses
britany => britany, brittany
brocoli => brocoli, broccoli
brocolis => brocolis, broccolis
brothered => brothered, brotherred
buccaned => buccaned, buccanned
buccaning => buccaning, buccanning
bulies => bulies, bullies
bumaree => bumaree, bummaree
burel => burel, burrel
burier => burier, burrier
buring => buring, burring
burnetize => burnetize, burnettize
bused => bused, bussed
buses => buses, busses
busheled => busheled, bushelled
busheler => busheler, busheller
busheling => busheling, bushelling
busing => busing, bussing
busings => busings, bussings
cabala => cabala, cabbala
cabalas => cabalas, cabbalas
cabalism => cabalism, cabbalism
cabalist => cabalist, cabbalist
cabalistic => cabalistic, cabbalistic
cabalistical => cabalistical, cabbalistical
cabalistically => cabalistically, cabbalistically
caber => caber, cabber
cabineted => cabineted, cabinetted
cachinate => cachinate, cachinnate
cadesse => cadesse, caddesse
cadie => cadie, caddie
cadis => cadis, caddis
cadish => cadish, caddish
cafoy => cafoy, caffoy
calais => calais, callais
calcanea => calcanea, calcannea
calcanei => calcanei, calcannei
calid => calid, callid
calidity => calidity, callidity
caligrapher => caligrapher, calligrapher
caligraphy => caligraphy, calligraphy
calipash => calipash, callipash
calipee => calipee, callipee
calipees => calipees, callipees
caliper => caliper, calliper
calipered => calipered, callipered
caliperer => caliperer, calliperer
calipering => calipering, callipering
calipers => calipers, callipers
calippic => calippic, callippic
calisthenic => calisthenic, callisthenic
calisthenics => calisthenics, callisthenics
camas => camas, cammas
camases => camases, camasses
camelia => camelia, camellia
camelias => camelias, camellias
camleted => camleted, camletted
camleting => camleting, camletting
campuses => campuses, campusses
canaled => canaled, cannaled
canaler => canaler, canaller
canaling => canaling, canalling
canalling => canalling, cannalling
cancelability => cancelability, cancellability
cancelable => cancelable, cancellable
cancelation => cancelation, cancellation
canceled => canceled, cancelled
canceler => canceler, canceller
canceling => canceling, cancelling
cancelli => cancelli, canccelli
caned => caned, canned
canel => canel, cannel
canelas => canelas, canellas
canelle => canelle, cannelle
caner => caner, canner
caners => caners, canners
canes => canes, cannes
canikin => canikin, cannikin
canikins => canikins, cannikins
caning => caning, canning
canister => canister, cannister
canisters => canisters, cannisters
cannelated => cannelated, cannellated
canon => canon, cannon
canonries => canonries, cannonries
canonry => canonry, cannonry
canons => canons, cannons
cantilated => cantilated, cantillated
cantilating => cantilating, cantillating
canula => canula, cannula
canulae => canulae, cannulae
canular => canular, cannular
canulas => canulas, cannulas
canulate => canulate, cannulate
canulated => canulated, cannulated
canulating => canulating, cannulating
canulation => canulation, cannulation
canulization => canulization, cannulization
canvased => canvased, canvassed
canvaser => canvaser, canvasser
canvasers => canvasers, canvassers
canvases => canvases, canvasses
canvasing => canvasing, canvassing
caped => caped, capped
capelet => capelet, capellet
capeline => capeline, capelline
caper => caper, capper
capers => capers, cappers
capilaceous => capilaceous, capillaceous
caping => caping, capping
caponiere => caponiere, caponniere
capuccino => capuccino, cappuccino
carack => carack, carrack
caracks => caracks, carracks
caracoled => caracoled, caracolled
caracoler => caracoler, caracoller
caracoling => caracoling, caracolling
carageen => carageen, carrageen
caragheen => caragheen, carragheen
carat => carat, carrat
caravaned => caravaned, caravanned
caravaner => caravaner, caravanner
caravaning => caravaning, caravanning
caraway => caraway, carraway
caraways => caraways, carraways
carbureted => carbureted, carburetted
carbureter => carbureter, carburetter
carbureting => carbureting, carburetting
carburetor => carburetor, carburettor
carcaneted => carcaneted, carcanetted
carcased => carcased, carcassed
carcases => carcases, carcasses
carcasing => carcasing, carcassing
caretta => caretta, carretta
caried => caried, carried
caries => caries, carries
carilloneur => carilloneur, carillonneur
cariole => cariole, carriole
carioles => carioles, carrioles
carnalite => carnalite, carnallite
carnivaler => carnivaler, carnivaller
caroch => caroch, carroch
caroches => caroches, carroches
caroled => caroled, carolled
caroler => caroler, caroller
carolers => carolers, carollers
caroling => caroling, carolling
carom => carom, carrom
caromed => caromed, carromed
caroming => caroming, carroming
caroms => caroms, carroms
caroon => caroon, carroon
carotin => carotin, carrotin
carotins => carotins, carrotins
carousel => carousel, carrousel
carousels => carousels, carrousels
carpetbagism => carpetbagism, carpetbaggism
cartelist => cartelist, cartellist
carus => carus, carrus
casaba => casaba, cassaba
casabas => casabas, cassabas
casalty => casalty, cassalty
casate => casate, cassate
casava => casava, cassava
casavas => casavas, cassavas
caselty => caselty, casselty
casette => casette, cassette
casettes => casettes, cassettes
casimere => casimere, cassimere
casina => casina, cassina
casino => casino, cassino
casinos => casinos, cassinos
casiri => casiri, cassiri
castelet => castelet, castellet
catalo => catalo, cattalo
cataloes => cataloes, cattaloes
catalos => catalos, cattalos
catchpoled => catchpoled, catchpolled
catchpolery => catchpolery, catchpollery
catchpoling => catchpoling, catchpolling
cater => cater, catter
catery => catery, cattery
cating => cating, catting
catnaper => catnaper, catnapper
caucused => caucused, caucussed
caucuses => caucuses, caucusses
caucusing => caucusing, caucussing
causon => causon, causson
caviled => caviled, cavilled
caviler => caviler, caviller
cavilers => cavilers, cavillers
caviling => caviling, cavilling
cavilingly => cavilingly, cavillingly
cavilingness => cavilingness, cavillingness
cerebella => cerebella, cerebbella
cerusite => cerusite, cerussite
cerveliere => cerveliere, cervelliere
chafed => chafed, chaffed
chafer => chafer, chaffer
chafers => chafers, chaffers
chafery => chafery, chaffery
chafing => chafing, chaffing
chagrined => chagrined, chagrinned
chagrining => chagrining, chagrinning
chairmaned => chairmaned, chairmanned
chairmaning => chairmaning, chairmanning
chalah => chalah, challah
chalahs => chalahs, challahs
chalot => chalot, challot
chaloth => chaloth, challoth
chamberleted => chamberleted, chamberletted
chanceled => chanceled, chancelled
chaneled => chaneled, channeled
chaneling => chaneling, channeling
chanelled => chanelled, channelled
channeled => channeled, channelled
channeler => channeler, channeller
channeling => channeling, channelling
chansonette => chansonette, chansonnette
chapaties => chapaties, chapatties
chapatis => chapatis, chapattis
chaped => chaped, chapped
chapeled => chapeled, chapelled
chapeling => chapeling, chapelling
chapin => chapin, chappin
charas => charas, charras
chared => chared, charred
charette => charette, charrette
charier => charier, charrier
chariest => chariest, charriest
charing => charing, charring
chased => chased, chassed
chases => chases, chasses
chaufer => chaufer, chauffer
chaufers => chaufers, chauffers
chazan => chazan, chazzan
chazanim => chazanim, chazzanim
chazans => chazans, chazzans
chazanut => chazanut, chazzanut
chedar => chedar, cheddar
chedite => chedite, cheddite
chedites => chedites, cheddites
chicories => chicories, chiccories
chicory => chicory, chiccory
chiffonier => chiffonier, chiffonnier
chiffoniers => chiffoniers, chiffonniers
chilies => chilies, chillies
chined => chined, chinned
chining => chining, chinning
chipewyan => chipewyan, chippewyan
chirruper => chirruper, chirrupper
chiseled => chiseled, chiselled
chiseler => chiseler, chiseller
chiselers => chiselers, chisellers
chiseling => chiseling, chiselling
chitak => chitak, chittak
chivied => chivied, chivvied
chivies => chivies, chivvies
choler => choler, choller
cholers => cholers, chollers
chopin => chopin, choppin
chorused => chorused, chorussed
choruses => choruses, chorusses
chorusing => chorusing, chorussing
chukar => chukar, chukkar
chukars => chukars, chukkars
cibaria => cibaria, cibbaria
ciboria => ciboria, cibboria
circumcision => circumcision, circumcission
cising => cising, cissing
civies => civies, civvies
clamer => clamer, clammer
clarinetist => clarinetist, clarinettist
clarinetists => clarinetists, clarinettists
cloveroot => cloveroot, cloverroot
clubability => clubability, clubbability
clubable => clubable, clubbable
cobaltamine => cobaltamine, cobaltammine
cocaceous => cocaceous, coccaceous
coccobacilli => coccobacilli, coccobaccilli
cocin => cocin, coccin
cocus => cocus, coccus
coded => coded, codded
coder => coder, codder
coders => coders, codders
coding => coding, codding
cogie => cogie, coggie
coifed => coifed, coiffed
coifing => coifing, coiffing
colage => colage, collage
colat => colat, collat
colate => colate, collate
colation => colation, collation
coleoptera => coleoptera, coleopttera
coley => coley, colley
colibert => colibert, collibert
colies => colies, collies
coliform => coliform, colliform
colin => colin, collin
colinear => colinear, collinear
colinearity => colinearity, collinearity
coling => coling, colling
colins => colins, collins
colocate => colocate, collocate
colocated => colocated, collocated
colocates => colocates, collocates
colocating => colocating, collocating
colonaded => colonaded, colonnaded
colonette => colonette, colonnette
colophane => colophane, collophane
coloquies => coloquies, colloquies
comatic => comatic, commatic
combatant => combatant, combattant
combatants => combatants, combattants
combated => combated, combatted
combater => combater, combatter
combating => combating, combatting
comeddle => comeddle, commeddle
comedia => comedia, commedia
comers => comers, commers
comeupance => comeupance, comeuppance
comingle => comingle, commingle
comitted => comitted, committed
comix => comix, commix
commitedness => commitedness, committedness
conation => conation, connation
conatural => conatural, connatural
concomitant => concomitant, concommitant
concomitantly => concomitantly, concommitantly
condigness => condigness, condignness
coned => coned, conned
coner => coner, conner
conferee => conferee, conferree
conference => conference, conferrence
congresional => congresional, congressional
conies => conies, connies
coning => coning, conning
conscription => conscription, conscripttion
consumate => consumate, consummate
consumated => consumated, consummated
consumating => consumating, consummating
consumation => consumation, consummation
contagia => contagia, contaggia
continua => continua, conttinua
controled => controled, controlled
controling => controling, controlling
conubium => conubium, connubium
conusable => conusable, connusable
coped => coped, copped
copelidine => copelidine, copellidine
coper => coper, copper
copers => copers, coppers
copesetic => copesetic, copesettic
coping => coping, copping
coragio => coragio, coraggio
coral => coral, corral
coralita => coralita, corallita
corals => corals, corrals
corbeled => corbeled, corbelled
corbeling => corbeling, corbelling
corector => corector, corrector
corelate => corelate, correlate
corelated => corelated, correlated
corelates => corelates, correlates
corelating => corelating, correlating
corelation => corelation, correlation
corelational => corelational, correlational
corelative => corelative, correlative
corelatively => corelatively, correlatively
coreligionist => coreligionist, correligionist
corespondency => corespondency, correspondency
corespondent => corespondent, correspondent
corespondents => corespondents, correspondents
coreveler => coreveler, coreveller
corneter => corneter, cornetter
cornetist => cornetist, cornettist
corodiary => corodiary, corrodiary
corodies => corodies, corrodies
corody => corody, corrody
corolitic => corolitic, corollitic
coronaled => coronaled, coronalled
coroneted => coroneted, coronetted
correlated => correlated, correllated
correlation => correlation, correllation
correlations => correlations, correllations
corroboree => corroboree, corrobboree
coruscation => coruscation, corruscation
coset => coset, cosset
cosets => cosets, cossets
cosie => cosie, cossie
cosseted => cosseted, cossetted
cosseting => cosseting, cossetting
coted => coted, cotted
cothurni => cothurni, cothurnni
cotilion => cotilion, cotillion
cotise => cotise, cottise
councilor => councilor, councillor
councilors => councilors, councillors
councilorship => councilorship, councillorship
counselable => counselable, counsellable
counseled => counseled, counselled
counseling => counseling, counselling
counselor => counselor, counsellor
counselors => counselors, counsellors
counselorship => counselorship, counsellorship
counterguerilla => counterguerilla, counterguerrilla
cozes => cozes, cozzes
craber => craber, crabber
crabier => crabier, crabbier
crabit => crabit, crabbit
cramel => cramel, crammel
cranage => cranage, crannage
crania => crania, crannia
craped => craped, crapped
craping => craping, crapping
crasis => crasis, crassis
crenelate => crenelate, crenellate
crenelated => crenelated, crenellated
crenelating => crenelating, crenellating
crenelation => crenelation, crenellation
creneled => creneled, crenelled
creneling => creneling, crenelling
criteria => criteria, critteria
crosette => crosette, crossette
crotal => crotal, crottal
crueler => crueler, crueller
cruelest => cruelest, cruellest
crystaled => crystaled, crystalled
crystaling => crystaling, crystalling
crystalitic => crystalitic, crystallitic
crystalize => crystalize, crystallize
crystalized => crystalized, crystallized
cubing => cubing, cubbing
cucularis => cucularis, cucullaris
cuculiform => cuculiform, cuculliform
cuculus => cuculus, cucullus
cudgeled => cudgeled, cudgelled
cudgeler => cudgeler, cudgeller
cudgeling => cudgeling, cudgelling
culet => culet, cullet
culets => culets, cullets
cultelli => cultelli, culttelli
cumin => cumin, cummin
cupeled => cupeled, cupelled
cupeler => cupeler, cupeller
cupelers => cupelers, cupellers
cupeling => cupeling, cupelling
curagh => curagh, curragh
curaghs => curaghs, curraghs
cured => cured, curred
curies => curies, curries
curing => curing, curring
curveted => curveted, curvetted
curveting => curveting, curvetting
cutcheries => cutcheries, cutcherries
cuter => cuter, cutter
cuties => cuties, cutties
cutikin => cutikin, cuttikin
cutlases => cutlases, cutlasses
cymbaled => cymbaled, cymballed
cypreses => cypreses, cypresses
cytozoa => cytozoa, cytozzoa
dading => dading, dadding
dales => dales, dalles
daliance => daliance, dalliance
damar => damar, dammar
damars => damars, dammars
datos => datos, dattos
debater => debater, debatter
debonaire => debonaire, debonnaire
debused => debused, debussed
debusing => debusing, debussing
decenaries => decenaries, decennaries
decenary => decenary, decennary
decennia => decennia, deccennia
deciare => deciare, decciare
deciares => deciares, decciares
defailance => defailance, defaillance
deferable => deferable, deferrable
degases => degases, degasses
delies => delies, dellies
demicanon => demicanon, demicannon
demurer => demurer, demurrer
dentalia => dentalia, dentallia
dentelated => dentelated, dentellated
derated => derated, deratted
derating => derating, deratting
deride => deride, derride
deringer => deringer, derringer
deringers => deringers, derringers
desert => desert, dessert
deserts => deserts, desserts
desicate => desicate, dessicate
detering => detering, deterring
devel => devel, devvel
developes => developes, developpes
deviled => deviled, devilled
deviling => deviling, devilling
deworm => deworm, dewworm
diagramed => diagramed, diagrammed
diagraming => diagraming, diagramming
dialed => dialed, dialled
dialer => dialer, dialler
dialers => dialers, diallers
dialing => dialing, dialling
dialings => dialings, diallings
dialist => dialist, diallist
dialists => dialists, diallists
dialoged => dialoged, dialogged
diamine => diamine, diammine
didest => didest, diddest
didies => didies, diddies
dieted => dieted, dietted
diffareation => diffareation, diffarreation
diletant => diletant, dilettant
dilis => dilis, dillis
dimer => dimer, dimmer
dimers => dimers, dimmers
dimit => dimit, dimmit
dined => dined, dinned
diner => diner, dinner
diners => diners, dinners
dining => dining, dinning
dippier => dippier, dipppier
dippiest => dippiest, dipppiest
dippy => dippy, dipppy
disaccomodate => disaccomodate, disaccommodate
disassociate => disassociate, dissassociate
disboweled => disboweled, disbowelled
disboweling => disboweling, disbowelling
discuses => discuses, discusses
disemboweled => disemboweled, disembowelled
disemboweling => disemboweling, disembowelling
disenter => disenter, dissenter
disert => disert, dissert
disgaveled => disgaveled, disgavelled
disgaveling => disgaveling, disgavelling
disheveled => disheveled, dishevelled
disheveling => disheveling, dishevelling
disour => disour, dissour
disposed => disposed, dispossed
distileries => distileries, distilleries
distilery => distilery, distillery
diting => diting, ditting
divertisement => divertisement, divertissement
dizen => dizen, dizzen
djelab => djelab, djellab
dobies => dobies, dobbies
doggereled => doggereled, doggerelled
dogie => dogie, doggie
dogies => dogies, doggies
dognaped => dognaped, dognapped
dognaper => dognaper, dognapper
dognaping => dognaping, dognapping
doled => doled, dolled
dolia => dolia, dollia
doling => doling, dolling
donas => donas, donnas
donee => donee, donnee
donees => donees, donnees
doped => doped, dopped
doper => doper, dopper
doping => doping, dopping
dormice => dormice, dormmice
dosed => dosed, dossed
doser => doser, dosser
dosers => dosers, dossers
doses => doses, dosses
dosing => dosing, dossing
dotard => dotard, dottard
doted => doted, dotted
doter => doter, dotter
doters => doters, dotters
dotier => dotier, dottier
dotiest => dotiest, dottiest
dotiness => dotiness, dottiness
doting => doting, dotting
doupioni => doupioni, douppioni
doweled => doweled, dowelled
doweling => doweling, dowelling
dragonade => dragonade, dragonnade
draping => draping, drapping
driveled => driveled, drivelled
driveler => driveler, driveller
drivelers => drivelers, drivellers
driveling => driveling, drivelling
drivelingly => drivelingly, drivellingly
drunkeness => drunkeness, drunkenness
dueled => dueled, duelled
dueler => dueler, dueller
duelers => duelers, duellers
dueling => dueling, duelling
duelist => duelist, duellist
duelistic => duelistic, duellistic
duelists => duelists, duellists
duenas => duenas, duennas
duler => duler, duller
dunite => dunite, dunnite
dunites => dunites, dunnites
duped => duped, dupped
duper => duper, dupper
duping => duping, dupping
duras => duras, durras
earing => earing, earring
earings => earings, earrings
easel => easel, eassel
egers => egers, eggers
elops => elops, ellops
elul => elul, ellul
embarrased => embarrased, embarrassed
emboweled => emboweled, embowelled
emboweler => emboweler, emboweller
emboweling => emboweling, embowelling
emer => emer, emmer
emited => emited, emitted
emove => emove, emmove
empanel => empanel, empannel
empaneled => empaneled, empanelled
empaneling => empaneling, empanelling
enage => enage, ennage
enameled => enameled, enamelled
enameler => enameler, enameller
enamelers => enamelers, enamellers
enameling => enameling, enamelling
enamelist => enamelist, enamellist
endamage => endamage, enddamage
endamaged => endamaged, enddamaged
endamaging => endamaging, enddamaging
enerve => enerve, ennerve
enew => enew, ennew
ensorceled => ensorceled, ensorcelled
enwove => enwove, enwwove
enwoven => enwoven, enwwoven
epauleted => epauleted, epauletted
epizoa => epizoa, epizzoa
equaled => equaled, equalled
equaling => equaling, equalling
equiped => equiped, equipped
equiping => equiping, equipping
escalop => escalop, escallop
escaloped => escaloped, escalloped
escaloping => escaloping, escalloping
escalops => escalops, escallops
eses => eses, esses
eviler => eviler, eviller
evilest => evilest, evillest
evitate => evitate, evittate
excubitoria => excubitoria, excubittoria
excused => excused, excussed
excusing => excusing, excussing
extoled => extoled, extolled
extoling => extoling, extolling
eyeleted => eyeleted, eyeletted
eyeleting => eyeleting, eyeletting
faceted => faceted, facetted
faceting => faceting, facetting
fading => fading, fadding
fager => fager, fagger
fagot => fagot, faggot
fagoted => fagoted, faggoted
fagoting => fagoting, faggoting
fagots => fagots, faggots
fagoty => fagoty, faggoty
falconoid => falconoid, falconnoid
fanon => fanon, fannon
fated => fated, fatted
fater => fater, fatter
fating => fating, fatting
fatism => fatism, fattism
favelidium => favelidium, favellidium
fedelini => fedelini, fedellini
felaheen => felaheen, fellaheen
felahin => felahin, fellahin
fellowshiped => fellowshiped, fellowshipped
fellowshiping => fellowshiping, fellowshipping
felon => felon, fellon
femes => femes, femmes
ferash => ferash, ferrash
ferous => ferous, ferrous
ferreled => ferreled, ferrelled
ferreling => ferreling, ferrelling
ferule => ferule, ferrule
feruled => feruled, ferruled
ferules => ferules, ferrules
feruling => feruling, ferruling
feted => feted, fetted
feting => feting, fetting
fettucine => fettucine, fettuccine
fettucini => fettucini, fettuccini
fewneses => fewneses, fewnesses
fezes => fezes, fezzes
fiber => fiber, fibber
fibers => fibers, fibbers
fibrilated => fibrilated, fibrillated
fibrilation => fibrilation, fibrillation
fibrilations => fibrilations, fibrillations
filagree => filagree, fillagree
filagreed => filagreed, fillagreed
filagreing => filagreing, fillagreing
filed => filed, filled
filemot => filemot, fillemot
filer => filer, filler
filers => filers, fillers
files => files, filles
filet => filet, fillet
fileted => fileted, filleted
fileting => fileting, filleting
filets => filets, fillets
filing => filing, filling
filings => filings, fillings
filister => filister, fillister
filos => filos, fillos
fined => fined, finned
finer => finer, finner
finick => finick, finnick
finickier => finickier, finnickier
finickiest => finickiest, finnickiest
finicking => finicking, finnicking
finicky => finicky, finnicky
fining => fining, finning
finish => finish, finnish
finochio => finochio, finnochio
firing => firing, firring
flabella => flabella, flabbella
flagella => flagella, flaggella
flamant => flamant, flammant
flamed => flamed, flammed
flaming => flaming, flamming
flanconade => flanconade, flanconnade
flanneled => flanneled, flannelled
flanneling => flanneling, flannelling
flated => flated, flatted
fleuronee => fleuronee, fleuronnee
fliped => fliped, flipped
fliping => fliping, flipping
flited => flited, flitted
fliting => fliting, flitting
flittermice => flittermice, flittermmice
floccilation => floccilation, floccillation
floter => floter, flotter
flumadiddle => flumadiddle, flummadiddle
fluter => fluter, flutter
fluters => fluters, flutters
focused => focused, focussed
focuses => focuses, focusses
focusing => focusing, focussing
foder => foder, fodder
folies => folies, follies
folily => folily, follily
forbidal => forbidal, forbiddal
forbore => forbore, forbbore
forborne => forborne, forbborne
forefelt => forefelt, foreffelt
forel => forel, forrel
forgetable => forgetable, forgettable
formated => formated, formatted
formating => formating, formatting
frigidaria => frigidaria, frigiddaria
frison => frison, frisson
frivoled => frivoled, frivolled
frivoler => frivoler, frivoller
frivoling => frivoling, frivolling
frized => frized, frizzed
frizer => frizer, frizzer
frizers => frizers, frizzers
frizes => frizes, frizzes
frizing => frizing, frizzing
frontomalar => frontomalar, frontomallar
fuder => fuder, fudder
fueled => fueled, fuelled
fueler => fueler, fueller
fuelers => fuelers, fuellers
fueling => fueling, fuelling
fumatoria => fumatoria, fumattoria
funneled => funneled, funnelled
funneling => funneling, funnelling
fused => fused, fussed
fuses => fuses, fusses
fusilade => fusilade, fusillade
fusiladed => fusiladed, fusilladed
fusilades => fusilades, fusillades
fusilading => fusilading, fusillading
fusing => fusing, fussing
fuzed => fuzed, fuzzed
fuzes => fuzes, fuzzes
fuzing => fuzing, fuzzing
gabeler => gabeler, gabeller
gadis => gadis, gaddis
gaged => gaged, gagged
gager => gager, gagger
gagers => gagers, gaggers
gaging => gaging, gagging
galah => galah, gallah
galant => galant, gallant
galeass => galeass, galleass
galera => galera, gallera
galet => galet, gallet
galey => galey, galley
galinaceous => galinaceous, gallinaceous
galiot => galiot, galliot
galiots => galiots, galliots
galipot => galipot, gallipot
galipots => galipots, gallipots
galium => galium, gallium
galivant => galivant, gallivant
galivanted => galivanted, gallivanted
galivanting => galivanting, gallivanting
galivants => galivants, gallivants
galoot => galoot, galloot
galoots => galoots, galloots
galop => galop, gallop
galopade => galopade, gallopade
galoped => galoped, galloped
galoping => galoping, galloping
galops => galops, gallops
galvanoscopy => galvanoscopy, galvvanoscopy
gamas => gamas, gammas
gamboled => gamboled, gambolled
gamboler => gamboler, gamboller
gamboling => gamboling, gambolling
gambreled => gambreled, gambrelled
gamed => gamed, gammed
gamer => gamer, gammer
gamier => gamier, gammier
gamiest => gamiest, gammiest
gaming => gaming, gamming
ganister => ganister, gannister
gaped => gaped, gapped
gaper => gaper, gapper
gaping => gaping, gapping
garigue => garigue, garrigue
garneter => garneter, garnetter
garon => garon, garron
garoo => garoo, garroo
garote => garote, garrote
garoted => garoted, garroted
garoter => garoter, garroter
garotes => garotes, garrotes
garoting => garoting, garroting
garotte => garotte, garrotte
garotted => garotted, garrotted
garotter => garotter, garrotter
garottes => garottes, garrottes
garotting => garotting, garrotting
garroted => garroted, garrotted
garroter => garroter, garrotter
garrotes => garrotes, garrottes
garroting => garroting, garrotting
gases => gases, gasses
gater => gater, gatter
gaufer => gaufer, gauffer
gaveled => gaveled, gavelled
gaveler => gaveler, gaveller
gaveling => gaveling, gavelling
gelant => gelant, gellant
gelants => gelants, gellants
gemel => gemel, gemmel
gemeled => gemeled, gemelled
gemological => gemological, gemmological
gemologist => gemologist, gemmologist
gemologists => gemologists, gemmologists
gemology => gemology, gemmology
getable => getable, gettable
ghafir => ghafir, ghaffir
gibbeted => gibbeted, gibbetted
gibbeting => gibbeting, gibbetting
gibed => gibed, gibbed
giber => giber, gibber
gibers => gibers, gibbers
gibetting => gibetting, gibbetting
gibier => gibier, gibbier
gibing => gibing, gibbing
gibus => gibus, gibbus
gimbaled => gimbaled, gimballed
gimbaling => gimbaling, gimballing
gingelies => gingelies, gingellies
glabella => glabella, glabbella
gladen => gladen, gladden
glider => glider, glidder
glutei => glutei, gluttei
glycolate => glycolate, glycollate
glycolic => glycolic, glycollic
glycolide => glycolide, glycollide
gobet => gobet, gobbet
gofer => gofer, goffer
gofers => gofers, goffers
goodwilies => goodwilies, goodwillies
gospeler => gospeler, gospeller
gossiped => gossiped, gossipped
gossiper => gossiper, gossipper
gossiping => gossiping, gossipping
gracilariidae => gracilariidae, gracillariidae
granam => granam, grannam
grandad => grandad, granddad
grandada => grandada, granddada
grandaddy => grandaddy, granddaddy
grandads => grandads, granddads
grandam => grandam, granddam
graters => graters, gratters
gratility => gratility, gratillity
graveled => graveled, gravelled
graveling => graveling, gravelling
grided => grided, gridded
griding => griding, gridding
griped => griped, gripped
griper => griper, gripper
gripers => gripers, grippers
gripes => gripes, grippes
gripier => gripier, grippier
gripiest => gripiest, grippiest
griping => griping, gripping
gripingly => gripingly, grippingly
gromet => gromet, grommet
groser => groser, grosser
grotesco => grotesco, grottesco
groveled => groveled, grovelled
groveler => groveler, groveller
groveling => groveling, grovelling
grovelingly => grovelingly, grovellingly
grovelings => grovelings, grovellings
grueled => grueled, gruelled
grueler => grueler, grueller
gruelers => gruelers, gruellers
grueling => grueling, gruelling
gruelings => gruelings, gruellings
guerilla => guerilla, guerrilla
guerillaism => guerillaism, guerrillaism
guerillas => guerillas, guerrillas
gunung => gunung, gunnung
gynecia => gynecia, gyneccia
habub => habub, habbub
haematozoa => haematozoa, haematozzoa
hagada => hagada, haggada
hagadic => hagadic, haggadic
hagadist => hagadist, haggadist
hagiographal => hagiographal, haggiographal
hajes => hajes, hajjes
hajis => hajis, hajjis
halalcor => halalcor, hallalcor
halecret => halecret, hallecret
halidome => halidome, hallidome
haling => haling, halling
haloed => haloed, halloed
haloes => haloes, halloes
haloing => haloing, halloing
halos => halos, hallos
hamada => hamada, hammada
hamadas => hamadas, hammadas
hamal => hamal, hammal
hamals => hamals, hammals
handseled => handseled, handselled
handseling => handseling, handselling
hanover => hanover, hannover
hanseled => hanseled, hanselled
hanseling => hanseling, hanselling
hanukah => hanukah, hanukkah
harateen => harateen, harrateen
harier => harier, harrier
hartite => hartite, harttite
harumph => harumph, harrumph
harumphs => harumphs, harrumphs
hasenpfeffer => hasenpfeffer, hassenpfeffer
hatcheled => hatcheled, hatchelled
hatcheler => hatcheler, hatcheller
hatcheling => hatcheling, hatchelling
hated => hated, hatted
hater => hater, hatter
haters => haters, hatters
hating => hating, hatting
hazan => hazan, hazzan
hazanim => hazanim, hazzanim
hazans => hazans, hazzans
hazanut => hazanut, hazzanut
heatheness => heatheness, heathenness
heling => heling, helling
hematozoa => hematozoa, hematozzoa
herbane => herbane, herbbane
heterophyly => heterophyly, heterophylly
hexamine => hexamine, hexammine
hiccuped => hiccuped, hiccupped
hiccuping => hiccuping, hiccupping
hiney => hiney, hinney
hiper => hiper, hipper
hirseled => hirseled, hirselled
hirseling => hirseling, hirselling
hocused => hocused, hocussed
hocuses => hocuses, hocusses
hocusing => hocusing, hocussing
hoder => hoder, hodder
holer => holer, holler
holies => holies, hollies
holloware => holloware, hollowware
homage => homage, hommage
homos => homos, hommos
hoped => hoped, hopped
hoper => hoper, hopper
hopers => hopers, hoppers
hoping => hoping, hopping
hopingly => hopingly, hoppingly
horah => horah, horrah
horal => horal, horral
hosteler => hosteler, hosteller
hosteling => hosteling, hostelling
houpelande => houpelande, houppelande
housekept => housekept, housekkept
houseled => houseled, houselled
houseling => houseling, houselling
hoveled => hoveled, hovelled
hoveler => hoveler, hoveller
hoveling => hoveling, hovelling
hullabaloo => hullabaloo, hullaballoo
hullabaloos => hullabaloos, hullaballoos
humeri => humeri, hummeri
humus => humus, hummus
humuses => humuses, hummuses
hymenoptera => hymenoptera, hymenopttera
hyped => hyped, hypped
hypercarbureted => hypercarbureted, hypercarburetted
hypopodia => hypopodia, hypopoddia
idealess => idealess, idealless
ideogramic => ideogramic, ideogrammic
idyler => idyler, idyller
idylian => idylian, idyllian
idylist => idylist, idyllist
idylists => idylists, idyllists
ilium => ilium, illium
imit => imit, immit
impaneled => impaneled, impanelled
impaneling => impaneling, impanelling
impecunious => impecunious, impeccunious
imperiled => imperiled, imperilled
imperiling => imperiling, imperilling
impresari => impresari, impressari
impresario => impresario, impressario
impreses => impreses, impresses
improvisatore => improvisatore, improvvisatore
imputing => imputing, imputting
incurable => incurable, incurrable
inferible => inferible, inferrible
inflamable => inflamable, inflammable
initialed => initialed, initialled
initialer => initialer, initialler
initialing => initialing, initialling
inobedient => inobedient, innobedient
inoculate => inoculate, innoculate
inoculated => inoculated, innoculated
inoculating => inoculating, innoculating
inoculation => inoculation, innoculation
interfiling => interfiling, interfilling
intergossiped => intergossiped, intergossipped
intergossiping => intergossiping, intergossipping
intermet => intermet, intermmet
intervaled => intervaled, intervalled
intervalic => intervalic, intervallic
intervaling => intervaling, intervalling
intolerably => intolerably, intollerably
intransferable => intransferable, intransferrable
intubating => intubating, intubatting
involucelate => involucelate, involucellate
involucelated => involucelated, involucellated
irate => irate, irrate
ired => ired, irred
iyar => iyar, iyyar
izard => izard, izzard
jabers => jabers, jabbers
jaconet => jaconet, jacconet
jaded => jaded, jadded
jading => jading, jadding
jager => jager, jagger
jagers => jagers, jaggers
jalopies => jalopies, jaloppies
janisary => janisary, janissary
jargonelle => jargonelle, jargonnelle
jelab => jelab, jellab
jelib => jelib, jellib
jereed => jereed, jerreed
jereeds => jereeds, jerreeds
jerican => jerican, jerrican
jerid => jerid, jerrid
jerids => jerids, jerrids
jeton => jeton, jetton
jetons => jetons, jettons
jeweled => jeweled, jewelled
jeweler => jeweler, jeweller
jewelers => jewelers, jewellers
jeweling => jeweling, jewelling
jibed => jibed, jibbed
jiber => jiber, jibber
jibers => jibers, jibbers
jibing => jibing, jibbing
jiminy => jiminy, jimminy
joram => joram, jorram
jouisance => jouisance, jouissance
journaled => journaled, journalled
journaling => journaling, journalling
juger => juger, jugger
junketer => junketer, junketter
kabala => kabala, kabbala
kabalas => kabalas, kabbalas
kafir => kafir, kaffir
kapas => kapas, kappas
karen => karen, karren
kartikeya => kartikeya, karttikeya
kenneled => kenneled, kennelled
kenneling => kenneling, kennelling
kerneled => kerneled, kernelled
kerneling => kerneling, kernelling
kibes => kibes, kibbes
kibitz => kibitz, kibbitz
kidnaped => kidnaped, kidnapped
kidnapee => kidnapee, kidnappee
kidnaper => kidnaper, kidnapper
kidnapers => kidnapers, kidnappers
kidnaping => kidnaping, kidnapping
kieselguhr => kieselguhr, kiesselguhr
kieselgur => kieselgur, kiesselgur
kieserite => kieserite, kiesserite
kinnikinic => kinnikinic, kinnikinnic
kinnikinick => kinnikinick, kinnikinnick
kipage => kipage, kippage
kitar => kitar, kittar
kited => kited, kitted
kiter => kiter, kitter
kiting => kiting, kitting
kitul => kitul, kittul
koumises => koumises, koumisses
koumyses => koumyses, koumysses
kousin => kousin, koussin
kreitonite => kreitonite, kreittonite
kulaite => kulaite, kullaite
kurajong => kurajong, kurrajong
kvases => kvases, kvasses
labeled => labeled, labelled
labeler => labeler, labeller
labelers => labelers, labellers
labeling => labeling, labelling
labella => labella, labbella
lacolith => lacolith, laccolith
lactobacilli => lactobacilli, lactobaccilli
lader => lader, ladder
laders => laders, ladders
ladies => ladies, laddies
lagen => lagen, laggen
lager => lager, lagger
lagers => lagers, laggers
lalapalooza => lalapalooza, lallapalooza
lamas => lamas, lammas
lamed => lamed, lammed
lamer => lamer, lammer
laming => laming, lamming
langlaufer => langlaufer, langlauffer
lapeled => lapeled, lapelled
lapilli => lapilli, lappilli
laree => laree, larree
larikin => larikin, larrikin
lases => lases, lasses
laten => laten, latten
latens => latens, lattens
later => later, latter
latices => latices, lattices
latin => latin, lattin
latins => latins, lattins
laureled => laureled, laurelled
laureling => laureling, laurelling
lavaliere => lavaliere, lavalliere
lazarone => lazarone, lazzarone
leban => leban, lebban
leger => leger, legger
legin => legin, leggin
leveled => leveled, levelled
leveler => leveler, leveller
levelers => levelers, levellers
leveling => leveling, levelling
libard => libard, libbard
libelant => libelant, libellant
libeled => libeled, libelled
libelee => libelee, libellee
libelees => libelees, libellees
libeler => libeler, libeller
libelers => libelers, libellers
libeling => libeling, libelling
libelist => libelist, libellist
libelous => libelous, libellous
libelously => libelously, libellously
liber => liber, libber
libers => libers, libbers
ligamenta => ligamenta, ligamentta
liger => liger, ligger
ligurition => ligurition, ligurrition
liker => liker, likker
liliput => liliput, lilliput
liliputian => liliputian, lilliputian
limer => limer, limmer
linkedited => linkedited, linkeditted
linkediting => linkediting, linkeditting
linteled => linteled, lintelled
linteling => linteling, lintelling
liter => liter, litter
literatim => literatim, litteratim
liters => liters, litters
litoral => litoral, littoral
lobed => lobed, lobbed
lobing => lobing, lobbing
localed => localed, localled
localing => localing, localling
locutoria => locutoria, locuttoria
loger => loger, logger
logia => logia, loggia
logie => logie, loggie
logier => logier, loggier
logiest => logiest, loggiest
login => login, loggin
loginess => loginess, logginess
loped => loped, lopped
loper => loper, lopper
lopers => lopers, loppers
loping => loping, lopping
lories => lories, lorries
loser => loser, losser
loses => loses, losses
lotos => lotos, lottos
luged => luged, lugged
luger => luger, lugger
luging => luging, lugging
luxulianite => luxulianite, luxullianite
lydite => lydite, lyddite
macaboy => macaboy, maccaboy
macaroni => macaroni, maccaroni
madapolam => madapolam, madapollam
madrasah => madrasah, madrassah
mafia => mafia, maffia
mafias => mafias, maffias
magot => magot, maggot
magots => magots, maggots
maisonette => maisonette, maisonnette
malam => malam, mallam
malanders => malanders, mallanders
maleability => maleability, malleability
maleate => maleate, malleate
malee => malee, mallee
malum => malum, mallum
malus => malus, mallus
mamas => mamas, mammas
mamey => mamey, mammey
mameys => mameys, mammeys
mamies => mamies, mammies
mamilla => mamilla, mammilla
mamillary => mamillary, mammillary
mamillate => mamillate, mammillate
mamillated => mamillated, mammillated
mamillation => mamillation, mammillation
mammilaria => mammilaria, mammillaria
mammilate => mammilate, mammillate
mammilated => mammilated, mammillated
manas => manas, mannas
manawydan => manawydan, manawyddan
maned => maned, manned
manequin => manequin, mannequin
maness => maness, manness
manie => manie, mannie
manify => manify, mannify
manikin => manikin, mannikin
manikinism => manikinism, mannikinism
manikins => manikins, mannikins
manilas => manilas, manillas
maries => maries, marries
marka => marka, markka
marshaled => marshaled, marshalled
marshaler => marshaler, marshaller
marshaling => marshaling, marshalling
martialed => martialed, martialled
martialing => martialing, martialling
marveled => marveled, marvelled
marveling => marveling, marvelling
marvelous => marvelous, marvellous
marvelously => marvelously, marvellously
marvelousness => marvelousness, marvellousness
maser => maser, masser
masoola => masoola, massoola
mated => mated, matted
matelasse => matelasse, matellasse
mater => mater, matter
maters => maters, matters
mates => mates, mattes
matfelon => matfelon, matfellon
matin => matin, mattin
mating => mating, matting
matings => matings, mattings
matins => matins, mattins
mazard => mazard, mazzard
mazards => mazards, mazzards
medaled => medaled, medalled
medaling => medaling, medalling
medalist => medalist, medallist
melamed => melamed, melammed
melic => melic, mellic
melilot => melilot, mellilot
melon => melon, mellon
melophone => melophone, mellophone
mentoniere => mentoniere, mentonniere
merveileux => merveileux, merveilleux
meshugaas => meshugaas, meshuggaas
meshugah => meshugah, meshuggah
meshugana => meshugana, meshuggana
mesorecta => mesorecta, mesorectta
metaled => metaled, metalled
metaler => metaler, metaller
metaline => metaline, metalline
metaling => metaling, metalling
metalise => metalise, metallise
metalised => metalised, metallised
metalising => metalising, metallising
metalism => metalism, metallism
metalist => metalist, metallist
metalization => metalization, metallization
metalize => metalize, metallize
metalized => metalized, metallized
metalizing => metalizing, metallizing
metalorganic => metalorganic, metallorganic
microbuses => microbuses, microbusses
microsporangia => microsporangia, microsporanggia
milage => milage, millage
milages => milages, millages
miler => miler, miller
miliarium => miliarium, milliarium
miliary => miliary, milliary
millenia => millenia, millennia
millenium => millenium, millennium
millionaire => millionaire, millionnaire
mimed => mimed, mimmed
miming => miming, mimming
minibuses => minibuses, minibusses
mining => mining, minning
minow => minow, minnow
misbiased => misbiased, misbiassed
misbiases => misbiases, misbiasses
misbiasing => misbiasing, misbiassing
miscounseled => miscounseled, miscounselled
miscounseling => miscounseling, miscounselling
miseat => miseat, misseat
miseating => miseating, misseating
miseats => miseats, misseats
mises => mises, misses
misfocused => misfocused, misfocussed
misfocusing => misfocusing, misfocussing
mislabeled => mislabeled, mislabelled
mislabeling => mislabeling, mislabelling
misled => misled, mislled
misuses => misuses, missuses
misworshiper => misworshiper, misworshipper
mizen => mizen, mizzen
mizenmast => mizenmast, mizzenmast
mizens => mizens, mizzens
mobable => mobable, mobbable
mobed => mobed, mobbed
modeled => modeled, modelled
modeler => modeler, modeller
modelers => modelers, modellers
modeling => modeling, modelling
moder => moder, modder
mofette => mofette, moffette
mofettes => mofettes, moffettes
moles => moles, molles
molies => molies, mollies
molified => molified, mollified
molify => molify, mollify
molifying => molifying, mollifying
molten => molten, moltten
moniker => moniker, monniker
monogramed => monogramed, monogrammed
monograming => monograming, monogramming
monometalism => monometalism, monometallism
monometalist => monometalist, monometallist
monoptera => monoptera, monopttera
montmorilonite => montmorilonite, montmorillonite
moped => moped, mopped
moper => moper, mopper
mopers => mopers, moppers
moping => moping, mopping
mopuses => mopuses, mopusses
moraler => moraler, moraller
moratoria => moratoria, morattoria
morion => morion, morrion
morions => morions, morrions
morseled => morseled, morselled
morseling => morseling, morselling
moses => moses, mosses
mosquitoey => mosquitoey, mosquittoey
motes => motes, mottes
motorbuses => motorbuses, motorbusses
mouses => mouses, mousses
mozetta => mozetta, mozzetta
mozettas => mozettas, mozzettas
mozette => mozette, mozzette
muled => muled, mulled
mulet => mulet, mullet
muley => muley, mulley
muleys => muleys, mulleys
muling => muling, mulling
multichanneled => multichanneled, multichannelled
multimetalic => multimetalic, multimetallic
mural => mural, murral
muras => muras, murras
murine => murine, murrine
musal => musal, mussal
mused => mused, mussed
muses => muses, musses
musily => musily, mussily
musing => musing, mussing
mutesarif => mutesarif, mutessarif
muton => muton, mutton
mutons => mutons, muttons
naging => naging, nagging
nanander => nanander, nannander
nanoplankton => nanoplankton, nannoplankton
napes => napes, nappes
napier => napier, nappier
nasology => nasology, nassology
navies => navies, navvies
neter => neter, netter
neurilematic => neurilematic, neurilemmatic
nickeled => nickeled, nickelled
nickeling => nickeling, nickelling
nidering => nidering, niddering
niger => niger, nigger
nightime => nightime, nighttime
nisan => nisan, nissan
niter => niter, nitter
nobut => nobut, nobbut
noded => noded, nodded
nonaffiliated => nonaffiliated, nonaffilliated
noncancelable => noncancelable, noncancellable
noncanonical => noncanonical, noncannonical
noncommital => noncommital, noncommittal
noncommitally => noncommitally, noncommittally
nondeferable => nondeferable, nondeferrable
nonforeigness => nonforeigness, nonforeignness
nonhumaness => nonhumaness, nonhumanness
nonlabeling => nonlabeling, nonlabelling
nonomad => nonomad, nonnomad
nonplusation => nonplusation, nonplussation
nonplused => nonplused, nonplussed
nonpluses => nonpluses, nonplusses
nonplusing => nonplusing, nonplussing
nonrecurent => nonrecurent, nonrecurrent
nonrefueling => nonrefueling, nonrefuelling
nontraveler => nontraveler, nontraveller
nontraveling => nontraveling, nontravelling
nonvacua => nonvacua, nonvvacua
norseled => norseled, norselled
norseling => norseling, norselling
nostriled => nostriled, nostrilled
noveletist => noveletist, novelettist
nunation => nunation, nunnation
objectification => objectification, objecttification
ocas => ocas, occas
occured => occured, occurred
occurence => occurence, occurrence
occurences => occurences, occurrences
occuring => occuring, occurring
ocurred => ocurred, occurred
oder => oder, odder
ofer => ofer, offer
oficina => oficina, officina
opossum => opossum, oppossum
oreilet => oreilet, oreillet
oscurantist => oscurantist, oscurrantist
outask => outask, outtask
outasked => outasked, outtasked
outasking => outasking, outtasking
outasks => outasks, outtasks
outcaviled => outcaviled, outcavilled
outcaviling => outcaviling, outcavilling
outfed => outfed, outffed
outgeneraled => outgeneraled, outgeneralled
outgeneraling => outgeneraling, outgeneralling
outled => outled, outlled
outrivaled => outrivaled, outrivalled
outrivaling => outrivaling, outrivalling
outsonet => outsonet, outsonnet
outtore => outtore, outttore
outtorn => outtorn, outttorn
outwept => outwept, outwwept
outwiled => outwiled, outwilled
outwiling => outwiling, outwilling
outwove => outwove, outwwove
outwoven => outwoven, outwwoven
overaggresive => overaggresive, overaggressive
overate => overate, overrate
overbore => overbore, overbbore
overborne => overborne, overbborne
overcontroled => overcontroled, overcontrolled
overcontroling => overcontroling, overcontrolling
overhated => overhated, overhatted
overidden => overidden, overridden
pailette => pailette, paillette
palar => palar, pallar
palas => palas, pallas
paled => paled, palled
palet => palet, pallet
palets => palets, pallets
palette => palette, pallette
palettes => palettes, pallettes
palier => palier, pallier
paliest => paliest, palliest
paling => paling, palling
pament => pament, pamment
panade => panade, pannade
panatelas => panatelas, panatellas
paned => paned, panned
panel => panel, pannel
panelation => panelation, panellation
paneled => paneled, panelled
paneling => paneling, panelling
panelist => panelist, panellist
panellation => panellation, pannellation
panes => panes, pannes
panicle => panicle, pannicle
paniculitis => paniculitis, panniculitis
panier => panier, pannier
paniers => paniers, panniers
panus => panus, pannus
papain => papain, pappain
papier => papier, pappier
papoose => papoose, pappoose
papooses => papooses, pappooses
parah => parah, parrah
parakeet => parakeet, parrakeet
parakeets => parakeets, parrakeets
paralleled => paralleled, parallelled
paralleling => paralleling, parallelling
paramatta => paramatta, parramatta
parceled => parceled, parcelled
parceling => parceling, parcelling
pared => pared, parred
parel => parel, parrel
pargeted => pargeted, pargetted
pargeting => pargeting, pargetting
paries => paries, parries
paring => paring, parring
paroquet => paroquet, parroquet
pases => pases, passes
pasewa => pasewa, passewa
pasquilant => pasquilant, pasquillant
pasquiler => pasquiler, pasquiller
pasquilic => pasquilic, pasquillic
passaging => passaging, passsaging
passagio => passagio, passaggio
pastelist => pastelist, pastellist
pastelists => pastelists, pastellists
pasticci => pasticci, pasticcci
pastiled => pastiled, pastilled
pastiling => pastiling, pastilling
patamar => patamar, pattamar
patamars => patamars, pattamars
pated => pated, patted
patee => patee, pattee
paten => paten, patten
patener => patener, pattener
patens => patens, pattens
pater => pater, patter
paters => paters, patters
pedaled => pedaled, pedalled
pedaler => pedaler, pedaller
pedaling => pedaling, pedalling
pedestaled => pedestaled, pedestalled
pedestaling => pedestaling, pedestalling
pediceled => pediceled, pedicelled
pelage => pelage, pellage
pelagra => pelagra, pellagra
pemican => pemican, pemmican
pemicans => pemicans, pemmicans
penciled => penciled, pencilled
penciler => penciler, penciller
penciling => penciling, pencilling
penicilium => penicilium, penicillium
penis => penis, pennis
penoncel => penoncel, pennoncel
pensionat => pensionat, pensionnat
pentail => pentail, penttail
penuckle => penuckle, pennuckle
peperoni => peperoni, pepperoni
pereia => pereia, perreia
perigonia => perigonia, perigonnia
periled => periled, perilled
periling => periling, perilling
permision => permision, permission
peronei => peronei, peronnei
perukery => perukery, perrukery
petaled => petaled, petalled
petaling => petaling, petalling
peter => peter, petter
phacelite => phacelite, phacellite
phialed => phialed, phialled
phialing => phialing, phialling
philip => philip, phillip
philippi => philippi, phillippi
phonogramic => phonogramic, phonogrammic
phonogramically => phonogramically, phonogrammically
phosphoreted => phosphoreted, phosphoretted
photostated => photostated, photostatted
photostater => photostater, photostatter
photostating => photostating, photostatting
phylogenetic => phylogenetic, phyllogenetic
pianet => pianet, piannet
piasaba => piasaba, piassaba
piasabas => piasabas, piassabas
piasava => piasava, piassava
piasavas => piasavas, piassavas
picaninnies => picaninnies, piccaninnies
picaninny => picaninny, piccaninny
picotah => picotah, picottah
pifero => pifero, piffero
pilage => pilage, pillage
pilar => pilar, pillar
pilary => pilary, pillary
piled => piled, pilled
piler => piler, piller
pileus => pileus, pilleus
piling => piling, pilling
pilular => pilular, pillular
pilule => pilule, pillule
pinaces => pinaces, pinnaces
pinacle => pinacle, pinnacle
pinas => pinas, pinnas
pinata => pinata, pinnata
pinatifid => pinatifid, pinnatifid
pined => pined, pinned
piner => piner, pinner
piniferous => piniferous, pinniferous
piniform => piniform, pinniform
pining => pining, pinning
piningly => piningly, pinningly
pinings => pinings, pinnings
piped => piped, pipped
piper => piper, pipper
piperidge => piperidge, pipperidge
pipier => pipier, pippier
pipiest => pipiest, pippiest
piping => piping, pipping
pistoled => pistoled, pistolled
pistoling => pistoling, pistolling
pitas => pitas, pittas
pizazz => pizazz, pizzazz
pizazzes => pizazzes, pizzazzes
placate => placate, placcate
planed => planed, planned
planer => planer, planner
planers => planers, planners
planetaria => planetaria, planettaria
planing => planing, planning
plated => plated, platted
platen => platen, platten
plater => plater, platter
platers => platers, platters
platinamin => platinamin, platinammin
platinamine => platinamine, platinammine
plating => plating, platting
platosamine => platosamine, platosammine
plumer => plumer, plummer
plumet => plumet, plummet
plumier => plumier, plummier
plumiest => plumiest, plummiest
pluming => pluming, plumming
pluses => pluses, plusses
podia => podia, poddia
pogies => pogies, poggies
polack => polack, pollack
poled => poled, polled
poler => poler, poller
polers => polers, pollers
polices => polices, pollices
poling => poling, polling
poloi => poloi, polloi
poltinik => poltinik, poltinnik
polyglotism => polyglotism, polyglottism
polyphyly => polyphyly, polyphylly
polystelic => polystelic, polystellic
pomel => pomel, pommel
pomelo => pomelo, pommelo
pomey => pomey, pommey
pommeled => pommeled, pommelled
pommeler => pommeler, pommeller
pommeling => pommeling, pommelling
porcelaneous => porcelaneous, porcellaneous
porcelanic => porcelanic, porcellanic
porcelanite => porcelanite, porcellanite
porcelanous => porcelanous, porcellanous
poret => poret, porret
portaled => portaled, portalled
poses => poses, posses
posies => posies, possies
posteen => posteen, postteen
postemporal => postemporal, posttemporal
postiler => postiler, postiller
postilion => postilion, postillion
postilioned => postilioned, postillioned
postmamillary => postmamillary, postmammillary
postscutella => postscutella, postscuttella
potage => potage, pottage
potages => potages, pottages
poteen => poteen, potteen
poteens => poteens, potteens
poter => poter, potter
potos => potos, pottos
poufed => poufed, pouffed
precanceled => precanceled, precancelled
precanceling => precanceling, precancelling
precoruptness => precoruptness, precorruptness
prefered => prefered, preferred
prefocused => prefocused, prefocussed
prefocuses => prefocuses, prefocusses
prefocusing => prefocusing, prefocussing
premillenial => premillenial, premillennial
premises => premises, premisses
presage => presage, pressage
preser => preser, presser
preses => preses, presses
preventoria => preventoria, preventtoria
primed => primed, primmed
primer => primer, primmer
priming => priming, primming
prised => prised, prissed
prises => prises, prisses
prising => prising, prissing
profer => profer, proffer
profited => profited, profitted
profiter => profiter, profitter
profiters => profiters, profitters
programable => programable, programmable
programatic => programatic, programmatic
programed => programed, programmed
programer => programer, programmer
programers => programers, programmers
programing => programing, programming
programist => programist, programmist
promisor => promisor, promissor
proper => proper, propper
proses => proses, prosses
protocoled => protocoled, protocolled
protocoling => protocoling, protocolling
protopapas => protopapas, protopappas
protozoa => protozoa, protozzoa
psaloid => psaloid, psalloid
pseudoacacia => pseudoacacia, pseudoacaccia
pseudocommisural => pseudocommisural, pseudocommissural
pucelage => pucelage, pucellage
pugaree => pugaree, puggaree
pugarees => pugarees, puggarees
pulasan => pulasan, pulassan
puled => puled, pulled
puler => puler, puller
pulers => pulers, pullers
pulicat => pulicat, pullicat
pulicate => pulicate, pullicate
puling => puling, pulling
pulings => pulings, pullings
pumelo => pumelo, pummelo
pumice => pumice, pummice
pummeled => pummeled, pummelled
pummeling => pummeling, pummelling
punic => punic, punnic
punier => punier, punnier
puniest => puniest, punniest
pupilage => pupilage, pupillage
pupilar => pupilar, pupillar
pupilarity => pupilarity, pupillarity
pupilary => pupilary, pupillary
pupilate => pupilate, pupillate
pupiled => pupiled, pupilled
pupilize => pupilize, pupillize
pured => pured, purred
puree => puree, purree
purer => purer, purrer
puses => puses, pusses
puting => puting, putting
pyroline => pyroline, pyrroline
pyrological => pyrological, pyrollogical
quarion => quarion, quarrion
quarreled => quarreled, quarrelled
quarreler => quarreler, quarreller
quarrelers => quarrelers, quarrellers
quarreling => quarreling, quarrelling
quarrelingly => quarrelingly, quarrellingly
quarrelous => quarrelous, quarrellous
quinelas => quinelas, quinellas
quinet => quinet, quinnet
quipus => quipus, quippus
quiting => quiting, quitting
rabies => rabies, rabbies
racoon => racoon, raccoon
racoons => racoons, raccoons
raged => raged, ragged
ragee => ragee, raggee
ragees => ragees, raggees
rager => rager, ragger
ragery => ragery, raggery
raging => raging, ragging
ramack => ramack, rammack
ramage => ramage, rammage
ramass => ramass, rammass
ramed => ramed, rammed
raped => raped, rapped
raper => raper, rapper
rapers => rapers, rappers
raping => raping, rapping
rapist => rapist, rappist
raport => raport, rapport
rappeling => rappeling, rappelling
rascalion => rascalion, rascallion
ratan => ratan, rattan
ratans => ratans, rattans
rated => rated, ratted
rateen => rateen, ratteen
ratel => ratel, rattel
rater => rater, ratter
raters => raters, ratters
rating => rating, ratting
ratoon => ratoon, rattoon
ratooned => ratooned, rattooned
ratooning => ratooning, rattooning
ratoons => ratoons, rattoons
raveled => raveled, ravelled
raveler => raveler, raveller
ravelers => ravelers, ravellers
raveling => raveling, ravelling
ravelings => ravelings, ravellings
razed => razed, razzed
razer => razer, razzer
razes => razes, razzes
razing => razing, razzing
reaccomodated => reaccomodated, reaccommodated
reading => reading, readding
rearanged => rearanged, rearranged
rearanging => rearanging, rearranging
rechanneling => rechanneling, rechannelling
recision => recision, recission
recommiting => recommiting, recommitting
reded => reded, redded
reding => reding, redding
redition => redition, reddition
redock => redock, reddock
refed => refed, reffed
refelt => refelt, reffelt
referable => referable, referrable
refered => refered, referred
refiled => refiled, refilled
refiling => refiling, refilling
refocused => refocused, refocussed
refocuses => refocuses, refocusses
refocusing => refocusing, refocussing
reformated => reformated, reformatted
reformating => reformating, reformatting
refueled => refueled, refuelled
refueling => refueling, refuelling
regimentaled => regimentaled, regimentalled
regretable => regretable, regrettable
regretableness => regretableness, regrettableness
regretably => regretably, regrettably
relabeled => relabeled, relabelled
relabeling => relabeling, relabelling
remarshaling => remarshaling, remarshalling
remital => remital, remittal
remodeled => remodeled, remodelled
remodeler => remodeler, remodeller
remodeling => remodeling, remodelling
renet => renet, rennet
renin => renin, rennin
renins => renins, rennins
renomee => renomee, renommee
rentaler => rentaler, rentaller
repined => repined, repinned
repining => repining, repinning
replaned => replaned, replanned
replaning => replaning, replanning
reprogramed => reprogramed, reprogrammed
reprograming => reprograming, reprogramming
requital => requital, requittal
reremice => reremice, reremmice
resentiment => resentiment, ressentiment
resiting => resiting, resitting
resort => resort, ressort
retore => retore, rettore
retorn => retorn, rettorn
retransmited => retransmited, retransmitted
retransmiting => retransmiting, retransmitting
reveled => reveled, revelled
reveler => reveler, reveller
revelers => revelers, revellers
reveling => reveling, revelling
revictualed => revictualed, revictualled
revictualing => revictualing, revictualling
rewore => rewore, rewwore
rewove => rewove, rewwove
rhenish => rhenish, rhennish
riband => riband, ribband
ribandry => ribandry, ribbandry
ribands => ribands, ribbands
ribier => ribier, ribbier
richeted => richeted, richetted
richeting => richeting, richetting
ricocheted => ricocheted, ricochetted
ricocheting => ricocheting, ricochetting
riden => riden, ridden
rider => rider, ridder
riders => riders, ridders
riding => riding, ridding
riled => riled, rilled
riles => riles, rilles
riling => riling, rilling
rimed => rimed, rimmed
rimer => rimer, rimmer
rimers => rimers, rimmers
riming => riming, rimming
riped => riped, ripped
riper => riper, ripper
ripier => ripier, rippier
riping => riping, ripping
riser => riser, risser
rivaled => rivaled, rivalled
rivaless => rivaless, rivalless
rivaling => rivaling, rivalling
riveled => riveled, rivelled
riveted => riveted, rivetted
riveter => riveter, rivetter
riveting => riveting, rivetting
rizar => rizar, rizzar
robed => robed, robbed
rober => rober, robber
robin => robin, robbin
robing => robing, robbing
roding => roding, rodding
romany => romany, rommany
rondelier => rondelier, rondellier
roser => roser, rosser
rotan => rotan, rottan
roter => roter, rotter
rotes => rotes, rottes
rousette => rousette, roussette
roweled => roweled, rowelled
roweling => roweling, rowelling
rubaboo => rubaboo, rubbaboo
rubaboos => rubaboos, rubbaboos
rudish => rudish, ruddish
ruler => ruler, ruller
rumage => rumage, rummage
rumaged => rumaged, rummaged
rumaging => rumaging, rummaging
runer => runer, runner
russeting => russeting, russetting
sabaton => sabaton, sabbaton
sabed => sabed, sabbed
sabing => sabing, sabbing
sacate => sacate, saccate
sagier => sagier, saggier
sagiest => sagiest, saggiest
saging => saging, sagging
sagital => sagital, sagittal
sagitarius => sagitarius, sagittarius
salade => salade, sallade
salet => salet, sallet
salpiglosis => salpiglosis, salpiglossis
samel => samel, sammel
sandaled => sandaled, sandalled
sandaling => sandaling, sandalling
sapanwood => sapanwood, sappanwood
saraf => saraf, sarraf
sayid => sayid, sayyid
sayids => sayids, sayyids
scalage => scalage, scallage
scalawag => scalawag, scallawag
scalawaggery => scalawaggery, scallawaggery
scalawaggy => scalawaggy, scallawaggy
scaled => scaled, scalled
scandaled => scandaled, scandalled
scandaling => scandaling, scandalling
scared => scared, scarred
scarer => scarer, scarrer
scarier => scarier, scarrier
scariest => scariest, scarriest
scaring => scaring, scarring
scolops => scolops, scollops
scraped => scraped, scrapped
scraper => scraper, scrapper
scrapers => scrapers, scrappers
scrapiness => scrapiness, scrappiness
scraping => scraping, scrapping
scrapingly => scrapingly, scrappingly
scrogie => scrogie, scroggie
sealess => sealess, sealless
sealike => sealike, seallike
secos => secos, seccos
segar => segar, seggar
selar => selar, sellar
seling => seling, selling
semel => semel, semmel
senachie => senachie, sennachie
senit => senit, sennit
sentineled => sentineled, sentinelled
sentineling => sentineling, sentinelling
sepaled => sepaled, sepalled
septenary => septenary, septennary
septenate => septenate, septennate
sequined => sequined, sequinned
serai => serai, serrai
sericteria => sericteria, serictteria
series => series, serries
serifed => serifed, seriffed
sering => sering, serring
shamas => shamas, shammas
shamash => shamash, shammash
shamed => shamed, shammed
shamer => shamer, shammer
shames => shames, shammes
shaming => shaming, shamming
shamos => shamos, shammos
shamosim => shamosim, shammosim
sharecroped => sharecroped, sharecropped
sharecroping => sharecroping, sharecropping
shedable => shedable, sheddable
sheder => sheder, shedder
shined => shined, shinned
shiner => shiner, shinner
shining => shining, shinning
shiralee => shiralee, shirallee
shoveled => shoveled, shovelled
shoveler => shoveler, shoveller
shoveling => shoveling, shovelling
shriveled => shriveled, shrivelled
shriveling => shriveling, shrivelling
shuting => shuting, shutting
sibylic => sibylic, sibyllic
sibylism => sibylism, sibyllism
sider => sider, sidder
sigilative => sigilative, sigillative
sigilistic => sigilistic, sigillistic
signaled => signaled, signalled
signaler => signaler, signaller
signaling => signaling, signalling
simon => simon, simmon
siped => siped, sipped
siper => siper, sipper
sipers => sipers, sippers
siping => siping, sipping
siree => siree, sirree
sirees => sirees, sirrees
siting => siting, sitting
sizing => sizing, sizzing
skidoo => skidoo, skiddoo
skidooed => skidooed, skiddooed
skidooing => skidooing, skiddooing
skidoos => skidoos, skiddoos
skiter => skiter, skitter
skitishly => skitishly, skittishly
skivies => skivies, skivvies
skraeling => skraeling, skraelling
slated => slated, slatted
slater => slater, slatter
slating => slating, slatting
slider => slider, slidder
slimed => slimed, slimmed
slimer => slimer, slimmer
sliming => sliming, slimming
slimish => slimish, slimmish
sliped => sliped, slipped
sliping => sliping, slipping
sliting => sliting, slitting
sloped => sloped, slopped
sloping => sloping, slopping
sloted => sloted, slotted
smiter => smiter, smitter
smiting => smiting, smitting
snaper => snaper, snapper
snarleyow => snarleyow, snarleyyow
sniped => sniped, snipped
sniper => sniper, snipper
snipers => snipers, snippers
sniping => sniping, snipping
snipish => snipish, snippish
sniveled => sniveled, snivelled
sniveler => sniveler, sniveller
sniveling => sniveling, snivelling
snobism => snobism, snobbism
sober => sober, sobber
socage => socage, soccage
socages => socages, soccages
solar => solar, sollar
solaria => solaria, sollaria
solatia => solatia, solattia
solemness => solemness, solemnness
soler => soler, soller
soleret => soleret, solleret
solerets => solerets, sollerets
somerseted => somerseted, somersetted
somerseting => somerseting, somersetting
somite => somite, sommite
sonneted => sonneted, sonnetted
sonneting => sonneting, sonnetting
sonobuoy => sonobuoy, sonnobuoy
sorance => sorance, sorrance
soredia => soredia, soreddia
sorels => sorels, sorrels
sotie => sotie, sottie
souter => souter, soutter
sovereigness => sovereigness, sovereignness
spanceled => spanceled, spancelled
spanceling => spanceling, spancelling
spaned => spaned, spanned
spaning => spaning, spanning
spared => spared, sparred
sparer => sparer, sparrer
sparing => sparing, sparring
sparingly => sparingly, sparringly
spated => spated, spatted
spathilae => spathilae, spathillae
spating => spating, spatting
speises => speises, speisses
spermatozoa => spermatozoa, spermatozzoa
spermogonia => spermogonia, spermogonnia
spiled => spiled, spilled
spiler => spiler, spiller
spilikin => spilikin, spillikin
spilikins => spilikins, spillikins
spiling => spiling, spilling
spinel => spinel, spinnel
spiraled => spiraled, spiralled
spiraling => spiraling, spiralling
spirketing => spirketing, spirketting
spited => spited, spitted
spiting => spiting, spitting
spuries => spuries, spurries
squader => squader, squadder
squireling => squireling, squirreling
squirely => squirely, squirrely
squirreled => squirreled, squirrelled
squirreling => squirreling, squirrelling
staged => staged, stagged
stager => stager, stagger
stagers => stagers, staggers
stagery => stagery, staggery
stagier => stagier, staggier
stagiest => stagiest, staggiest
staging => staging, stagging
staled => staled, stalled
staler => staler, staller
staling => staling, stalling
standpatism => standpatism, standpattism
stared => stared, starred
staring => staring, starring
staringly => staringly, starringly
stelar => stelar, stellar
stenciled => stenciled, stencilled
stenciler => stenciler, stenciller
stenciling => stenciling, stencilling
sterna => sterna, sternna
stolen => stolen, stollen
stoped => stoped, stopped
stoper => stoper, stopper
stopers => stopers, stoppers
stoping => stoping, stopping
stoter => stoter, stotter
striped => striped, stripped
striper => striper, stripper
stripers => stripers, strippers
striping => striping, stripping
stroming => stroming, stromming
stuber => stuber, stubber
stubiest => stubiest, stubbiest
stubornly => stubornly, stubbornly
stuboy => stuboy, stubboy
studies => studies, studdies
studing => studing, studding
stumer => stumer, stummer
subbases => subbases, subbasses
subcarbureted => subcarbureted, subcarburetted
subcinctoria => subcinctoria, subcincttoria
subphyla => subphyla, subphylla
subsellia => subsellia, subssellia
subteraqueous => subteraqueous, subterraqueous
subtotaled => subtotaled, subtotalled
subtotaling => subtotaling, subtotalling
subverticilate => subverticilate, subverticillate
succesive => succesive, successive
sugan => sugan, suggan
sugary => sugary, suggary
sugillate => sugillate, suggillate
suiline => suiline, suilline
sulfureted => sulfureted, sulfuretted
sulfureting => sulfureting, sulfuretting
sulphureted => sulphureted, sulphuretted
sulphureting => sulphureting, sulphuretting
sumage => sumage, summage
sumer => sumer, summer
super => super, supper
supering => supering, suppering
superposition => superposition, superpossition
supers => supers, suppers
supersolemness => supersolemness, supersolemnness
suppresion => suppresion, suppression
suppresive => suppresive, suppressive
surah => surah, surrah
suras => suras, surras
swaged => swaged, swagged
swager => swager, swagger
swagers => swagers, swaggers
swaging => swaging, swagging
swiney => swiney, swinney
swiper => swiper, swipper
swiveled => swiveled, swivelled
swiveling => swiveling, swivelling
sylid => sylid, syllid
symboled => symboled, symbolled
symboling => symboling, symbolling
symmetalism => symmetalism, symmetallism
symphylous => symphylous, symphyllous
symposia => symposia, sympossia
synema => synema, synnema
synemata => synemata, synnemata
syphilis => syphilis, syphillis
syringed => syringed, syrringed
syringing => syringing, syrringing
tabinet => tabinet, tabbinet
tabis => tabis, tabbis
tableted => tableted, tabletted
tableting => tableting, tabletting
tafia => tafia, taffia
tafias => tafias, taffias
taler => taler, taller
tales => tales, talles
taliage => taliage, talliage
talis => talis, tallis
tanadar => tanadar, tannadar
tania => tania, tannia
tanka => tanka, tankka
taped => taped, tapped
tapen => tapen, tappen
taper => taper, tapper
taperer => taperer, tapperer
tapers => tapers, tappers
tapet => tapet, tappet
taping => taping, tapping
tapings => tapings, tappings
tapiser => tapiser, tapisser
tapit => tapit, tappit
taradiddle => taradiddle, tarradiddle
tared => tared, tarred
tares => tares, tarres
tarie => tarie, tarrie
taring => taring, tarring
tarish => tarish, tarrish
tartufishly => tartufishly, tartuffishly
tasseled => tasseled, tasselled
tasseler => tasseler, tasseller
tasseling => tasseling, tasselling
tater => tater, tatter
taters => taters, tatters
tatie => tatie, tattie
tatoo => tatoo, tattoo
tatoos => tatoos, tattoos
teaman => teaman, teamman
teargases => teargases, teargasses
teaseled => teaseled, teaselled
teaseler => teaseler, teaseller
teaseling => teaseling, teaselling
teazeled => teazeled, teazelled
teazeling => teazeling, teazelling
tebet => tebet, tebbet
teetotaled => teetotaled, teetotalled
teetotaler => teetotaler, teetotaller
teetotaling => teetotaling, teetotalling
tellureted => tellureted, telluretted
tendriled => tendriled, tendrilled
teras => teras, terras
terephthalic => terephthalic, terephthallic
tesselate => tesselate, tessellate
tesselated => tesselated, tessellated
tesselating => tesselating, tessellating
tesselation => tesselation, tessellation
tetramine => tetramine, tetrammine
thanadar => thanadar, thannadar
thermostated => thermostated, thermostatted
thermostating => thermostating, thermostatting
thiobacilli => thiobacilli, thiobaccilli
tiger => tiger, tigger
tiled => tiled, tilled
tiler => tiler, tiller
tilers => tilers, tillers
tiling => tiling, tilling
timbreled => timbreled, timbrelled
timbreler => timbreler, timbreller
timer => timer, timmer
tined => tined, tinned
tinier => tinier, tinnier
tiniest => tiniest, tinniest
tinily => tinily, tinnily
tininess => tininess, tinniness
tining => tining, tinning
tinseled => tinseled, tinselled
tinseling => tinseling, tinselling
titer => titer, titter
titeration => titeration, titteration
titers => titers, titters
titilate => titilate, titillate
titivate => titivate, tittivate
titivated => titivated, tittivated
titivating => titivating, tittivating
titivation => titivation, tittivation
titivator => titivator, tittivator
titmice => titmice, titmmice
tittuped => tittuped, tittupped
tittuping => tittuping, tittupping
todies => todies, toddies
toged => toged, togged
toileted => toileted, toiletted
toled => toled, tolled
toling => toling, tolling
toner => toner, tonner
toners => toners, tonners
tones => tones, tonnes
tonish => tonish, tonnish
tonishly => tonishly, tonnishly
tonishness => tonishness, tonnishness
tonsilar => tonsilar, tonsillar
tonsilectomy => tonsilectomy, tonsillectomy
tonsilitic => tonsilitic, tonsillitic
tonsilitis => tonsilitis, tonsillitis
toped => toped, topped
toper => toper, topper
topers => topers, toppers
toping => toping, topping
toret => toret, torret
tosily => tosily, tossily
totaled => totaled, totalled
totaling => totaling, totalling
toted => toted, totted
toter => toter, totter
toters => toters, totters
totery => totery, tottery
toting => toting, totting
totum => totum, tottum
toweled => toweled, towelled
toweling => toweling, towelling
tramel => tramel, trammel
trameled => trameled, trammeled
trameling => trameling, trammeling
tramelled => tramelled, trammelled
tramelling => tramelling, trammelling
tramels => tramels, trammels
trammeled => trammeled, trammelled
trammeler => trammeler, trammeller
trammeling => trammeling, trammelling
trammelingly => trammelingly, trammellingly
tranquiler => tranquiler, tranquiller
tranquilest => tranquilest, tranquillest
tranquilities => tranquilities, tranquillities
tranquility => tranquility, tranquillity
tranquilization => tranquilization, tranquillization
tranquilize => tranquilize, tranquillize
tranquilized => tranquilized, tranquillized
tranquilizer => tranquilizer, tranquillizer
tranquilizers => tranquilizers, tranquillizers
tranquilizes => tranquilizes, tranquillizes
tranquilizing => tranquilizing, tranquillizing
transeptal => transeptal, transseptal
transferable => transferable, transferrable
transferal => transferal, transferral
transferals => transferals, transferrals
transferer => transferer, transferrer
transfering => transfering, transferring
transferor => transferor, transferror
transferotype => transferotype, transferrotype
transonic => transonic, transsonic
transshiped => transshiped, transshipped
transshiping => transshiping, transshipping
travelability => travelability, travellability
travelable => travelable, travellable
traveled => traveled, travelled
traveler => traveler, traveller
travelers => travelers, travellers
traveling => traveling, travelling
tremeline => tremeline, tremelline
trilium => trilium, trillium
trimer => trimer, trimmer
trimers => trimers, trimmers
trimetalism => trimetalism, trimetallism
trisylabic => trisylabic, trisyllabic
trivet => trivet, trivvet
tropaia => tropaia, troppaia
troweled => troweled, trowelled
troweler => troweler, troweller
troweling => troweling, trowelling
tubal => tubal, tubbal
tubed => tubed, tubbed
tuber => tuber, tubber
tubers => tubers, tubbers
tubing => tubing, tubbing
tubist => tubist, tubbist
tufaceous => tufaceous, tuffaceous
tules => tules, tulles
tuned => tuned, tunned
tuner => tuner, tunner
tuning => tuning, tunning
tunneled => tunneled, tunnelled
tunneler => tunneler, tunneller
tunnelers => tunnelers, tunnellers
tunneling => tunneling, tunnelling
tunnelite => tunnelite, tunnellite
turbaned => turbaned, turbanned
turion => turion, turrion
twined => twined, twinned
twiner => twiner, twinner
twining => twining, twinning
typeseting => typeseting, typesetting
udaler => udaler, udaller
umbeled => umbeled, umbelled
umpired => umpired, umppired
umpiring => umpiring, umppiring
unailing => unailing, unnailing
unappareled => unappareled, unapparelled
unapt => unapt, unnapt
unbarreled => unbarreled, unbarrelled
unbated => unbated, unbatted
unbeveled => unbeveled, unbevelled
unbiasable => unbiasable, unbiassable
unbiased => unbiased, unbiassed
unbiasedly => unbiasedly, unbiassedly
unbiasing => unbiasing, unbiassing
unbidable => unbidable, unbiddable
unbiting => unbiting, unbitting
unboweled => unboweled, unbowelled
uncancelable => uncancelable, uncancellable
uncanceled => uncanceled, uncancelled
uncaned => uncaned, uncanned
uncaped => uncaped, uncapped
uncarbureted => uncarbureted, uncarburetted
uncaroled => uncaroled, uncarolled
uncaviling => uncaviling, uncavilling
unchafed => unchafed, unchaffed
unchanneled => unchanneled, unchannelled
unchiseled => unchiseled, unchiselled
unclubable => unclubable, unclubbable
uncoded => uncoded, uncodded
uncoifed => uncoifed, uncoiffed
uncounselable => uncounselable, uncounsellable
uncounseled => uncounseled, uncounselled
uncredentialed => uncredentialed, uncredentialled
uncrystaled => uncrystaled, uncrystalled
uncudgeled => uncudgeled, uncudgelled
underate => underate, underrate
underbeveling => underbeveling, underbevelling
underfed => underfed, underffed
undiagramed => undiagramed, undiagrammed
undialed => undialed, undialled
undoweled => undoweled, undowelled
uneared => uneared, unneared
unearly => unearly, unnearly
uneath => uneath, unneath
unembarassed => unembarassed, unembarrassed
unemboweled => unemboweled, unembowelled
unempaneled => unempaneled, unempanelled
unenameled => unenameled, unenamelled
unepauleted => unepauleted, unepauletted
unequaled => unequaled, unequalled
unfated => unfated, unfatted
unfiled => unfiled, unfilled
unfiling => unfiling, unfilling
unflated => unflated, unflatted
unfocused => unfocused, unfocussed
unfocusing => unfocusing, unfocussing
unfueled => unfueled, unfuelled
unfused => unfused, unfussed
ungaged => ungaged, ungagged
ungamboled => ungamboled, ungambolled
ungamboling => ungamboling, ungambolling
ungetable => ungetable, ungettable
unglosed => unglosed, unglossed
ungraveled => ungraveled, ungravelled
ungroveling => ungroveling, ungrovelling
unhandseled => unhandseled, unhandselled
unhated => unhated, unhatted
unhating => unhating, unhatting
unhoped => unhoped, unhopped
unice => unice, unnice
uninferable => uninferable, uninferrable
uninferably => uninferably, uninferrably
uninitialed => uninitialed, uninitialled
uniradiated => uniradiated, unirradiated
unjeweled => unjeweled, unjewelled
unkenneled => unkenneled, unkennelled
unkenneling => unkenneling, unkennelling
unkidnaped => unkidnaped, unkidnapped
unlabeled => unlabeled, unlabelled
unlaureled => unlaureled, unlaurelled
unleveled => unleveled, unlevelled
unleveling => unleveling, unlevelling
unlibeled => unlibeled, unlibelled
unlibelous => unlibelous, unlibellous
unlibelously => unlibelously, unlibellously
unmaned => unmaned, unmanned
unmarshaled => unmarshaled, unmarshalled
unmarvelous => unmarvelous, unmarvellous
unmarvelously => unmarvelously, unmarvellously
unmarvelousness => unmarvelousness, unmarvellousness
unmated => unmated, unmatted
unmedaled => unmedaled, unmedalled
unmetaled => unmetaled, unmetalled
unmodeled => unmodeled, unmodelled
unmolified => unmolified, unmollified
unnecessary => unnecessary, unneccessary
unnickeled => unnickeled, unnickelled
unpaled => unpaled, unpalled
unpanel => unpanel, unpannel
unpaneled => unpaneled, unpanelled
unparalleled => unparalleled, unparallelled
unparceled => unparceled, unparcelled
unparceling => unparceling, unparcelling
unpenciled => unpenciled, unpencilled
unpetaled => unpetaled, unpetalled
unpiled => unpiled, unpilled
unpining => unpining, unpinning
unpited => unpited, unpitted
unplaned => unplaned, unplanned
unplated => unplated, unplatted
unpoled => unpoled, unpolled
unprimed => unprimed, unprimmed
unproded => unproded, unprodded
unpummeled => unpummeled, unpummelled
unquarreled => unquarreled, unquarrelled
unquarreling => unquarreling, unquarrelling
unravelable => unravelable, unravellable
unraveled => unraveled, unravelled
unraveler => unraveler, unraveller
unraveling => unraveling, unravelling
unrecuring => unrecuring, unrecurring
unreveling => unreveling, unrevelling
unriped => unriped, unripped
unrivaled => unrivaled, unrivalled
unrivaledly => unrivaledly, unrivalledly
unrivaling => unrivaling, unrivalling
unrobed => unrobed, unrobbed
unroted => unroted, unrotted
unrove => unrove, unrrove
unroweled => unroweled, unrowelled
unsandaled => unsandaled, unsandalled
unscared => unscared, unscarred
unsentineled => unsentineled, unsentinelled
unshamed => unshamed, unshammed
unshoveled => unshoveled, unshovelled
unshriveled => unshriveled, unshrivelled
unsignaled => unsignaled, unsignalled
unslated => unslated, unslatted
unsloped => unsloped, unslopped
unsolemness => unsolemness, unsolemnness
unspared => unspared, unsparred
unspiraled => unspiraled, unspiralled
unspited => unspited, unspitted
unstaled => unstaled, unstalled
unstriped => unstriped, unstripped
untaped => untaped, untapped
untasseled => untasseled, untasselled
unteaseled => unteaseled, unteaselled
untiled => untiled, untilled
untinseled => untinseled, untinselled
untotaled => untotaled, untotalled
untrammeled => untrammeled, untrammelled
untranquilize => untranquilize, untranquillize
untranquilized => untranquilized, untranquillized
untravelable => untravelable, untravellable
untraveled => untraveled, untravelled
untraveling => untraveling, untravelling
untunneled => untunneled, untunnelled
untwined => untwined, untwinned
unvictualed => unvictualed, unvictualled
unvoweled => unvoweled, unvowelled
unwaded => unwaded, unwadded
unwaged => unwaged, unwagged
unwainscoted => unwainscoted, unwainscotted
unworshiped => unworshiped, unworshipped
unworshiping => unworshiping, unworshipping
unwove => unwove, unwwove
unwoven => unwoven, unwwoven
upbore => upbore, upbbore
upborne => upborne, upbborne
uper => uper, upper
uphove => uphove, uphhove
uptore => uptore, upttore
uptorn => uptorn, upttorn
valetta => valetta, valletta
vaned => vaned, vanned
vasal => vasal, vassal
vassaless => vassaless, vassalless
vassaling => vassaling, vassalling
vavasor => vavasor, vavassor
vavasors => vavasors, vavassors
vegie => vegie, veggie
vegies => vegies, veggies
velicate => velicate, vellicate
velum => velum, vellum
veray => veray, verray
vermilion => vermilion, vermillion
verrazano => verrazano, verrazzano
verticaled => verticaled, verticalled
verticaling => verticaling, verticalling
verveled => verveled, vervelled
vesseled => vesseled, vesselled
vialed => vialed, vialled
vialing => vialing, vialling
victualed => victualed, victualled
victualer => victualer, victualler
victualers => victualers, victuallers
victualing => victualing, victualling
vilayet => vilayet, villayet
vitae => vitae, vittae
vitrailist => vitrailist, vitraillist
vitrioled => vitrioled, vitriolled
vitrioling => vitrioling, vitriolling
voltameter => voltameter, voltammeter
volvulus => volvulus, volvullus
waded => waded, wadded
wader => wader, wadder
waders => waders, wadders
wadies => wadies, waddies
wading => wading, wadding
waged => waged, wagged
wager => wager, wagger
wagers => wagers, waggers
waging => waging, wagging
wagon => wagon, waggon
wagonable => wagonable, waggonable
wagonage => wagonage, waggonage
wagoned => wagoned, waggoned
wagoner => wagoner, waggoner
wagoners => wagoners, waggoners
wagonette => wagonette, waggonette
wagoning => wagoning, waggoning
wagonload => wagonload, waggonload
wagonry => wagonry, waggonry
wagons => wagons, waggons
wagonsmith => wagonsmith, waggonsmith
wagonway => wagonway, waggonway
wagonwayman => wagonwayman, waggonwayman
wagonwright => wagonwright, waggonwright
wainscoted => wainscoted, wainscotted
wainscoting => wainscoting, wainscotting
waken => waken, wakken
waled => waled, walled
waler => waler, waller
walies => walies, wallies
waling => waling, walling
wamus => wamus, wammus
wamuses => wamuses, wammuses
waned => waned, wanned
waner => waner, wanner
wanigan => wanigan, wannigan
wanigans => wanigans, wannigans
waning => waning, wanning
warantee => warantee, warrantee
wared => wared, warred
warer => warer, warrer
warish => warish, warrish
watape => watape, wattape
watapes => watapes, wattapes
water => water, watter
weber => weber, webber
weeviled => weeviled, weevilled
whiner => whiner, whinner
whinier => whinier, whinnier
whiniest => whiniest, whinniest
whiping => whiping, whipping
whipoorwill => whipoorwill, whippoorwill
whiten => whiten, whitten
whitener => whitener, whittener
whiter => whiter, whitter
whodunit => whodunit, whodunnit
wider => wider, widder
widershins => widershins, widdershins
wiled => wiled, willed
wilier => wilier, willier
wiling => wiling, willing
wined => wined, winned
winer => winer, winner
winers => winers, winners
wining => wining, winning
winterfed => winterfed, winterffed
wised => wised, wissed
wises => wises, wisses
wising => wising, wissing
wited => wited, witted
witholden => witholden, withholden
witing => witing, witting
wizen => wizen, wizzen
wizens => wizens, wizzens
wolfish => wolfish, wolffish
womera => womera, wommera
womerah => womerah, wommerah
womeras => womeras, wommeras
woning => woning, wonning
wooled => wooled, woolled
woolen => woolen, woollen
woolenize => woolenize, woollenize
woolens => woolens, woollens
woolier => woolier, woollier
woolies => woolies, woollies
wooliest => wooliest, woolliest
wooliness => wooliness, woolliness
worshiped => worshiped, worshipped
worshiper => worshiper, worshipper
worshipers => worshipers, worshippers
worshiping => worshiping, worshipping
worshipingly => worshipingly, worshippingly
wraped => wraped, wrapped
writer => writer, writter
yeses => yeses, yesses
yodeled => yodeled, yodelled
yodeler => yodeler, yodeller
yodelers => yodelers, yodellers
yodeling => yodeling, yodelling
zibeline => zibeline, zibelline
zikurat => zikurat, zikkurat
zikurats => zikurats, zikkurats
zippier => zippier, zipppier
zippiest => zippiest, zipppiest
zircaloy => zircaloy, zircalloy
zonar => zonar, zonnar
zorillo => zorillo, zorrillo
zufolo => zufolo, zuffolo
